"total","percent_total","member_casual"
"3410728","59.27321867253549030200","member"
"2343520","40.72678132746450969800","casual"
